{
  "feature_importances": [
    0.0011658335750575192,
    0.14261721639240502,
    0.018928642333584565,
    0.059615418029441924,
    0.0006266603675047237,
    0.0002020256606291538,
    3.054762054488089e-05,
    0.00292679653014155,
    0.0005118967280620317,
    0.0028154622659191052,
    0.0005490756353346192,
    0.00045694996634482426,
    0.0,
    0.0018228489425838614,
    0.00037844753022670826,
    0.04693694358654692,
    0.015750799190640756,
    0.016314861887483507,
    0.09898489678382198,
    0.018190735738121307,
    0.0026547129966950017,
    0.028869320846440456,
    0.003228467545755763,
    0.01843178410405154,
    0.03811125598476142,
    0.0,
    0.0,
    0.06986644176384865,
    0.02953092358562364,
    0.012661826116821743,
    0.0,
    0.0013557095379925842,
    0.013956667185985044,
    0.0,
    0.0005577598977453194,
    0.011652016104748787,
    0.21047641159099406,
    0.05905873502078701,
    0.0075203449679278195,
    0.002822187586641266,
    0.0016990947309527779,
    0.056846349804539655,
    6.461433253782372e-05,
    0.00015255100846228633,
    0.001656766522292395
  ],
  "num_features": 45
}