{
  "feature_importances": [
    0.0013479893655434967,
    0.14436010901527888,
    0.013589622414634165,
    0.07320667088933334,
    0.0006319467086851213,
    0.0,
    0.0007563729591725216,
    0.0010546924169914126,
    0.0,
    0.0007072728329801245,
    0.0,
    0.00021178941220410157,
    0.0011581839089021349,
    0.0003016024574990022,
    0.00020164946223683058,
    0.10041044270696375,
    0.012430568178121838,
    0.012461016388254906,
    0.09648719715505505,
    0.010506632143128324,
    0.0013274118763444073,
    0.031072258778098705,
    0.0002617383392872272,
    0.01693493507358125,
    0.02485731210453355,
    0.0,
    0.0,
    0.06345782447382373,
    0.019289729072434498,
    0.011056429207004998,
    0.0013162927188981092,
    0.0004880549121831118,
    0.012133060685744407,
    0.0009844441920061936,
    0.0001241894043461867,
    0.01251441928339793,
    0.177258794491338,
    0.057696483119197506,
    0.016881530319776177,
    0.0026344048356935377,
    0.007661246435511894,
    0.06457957796054853,
    0.001344631490609488,
    0.00024276380726529376,
    0.006058709003390425
  ],
  "num_features": 45
}