{
  "train_accuracy": 0.8157614483493077,
  "test_accuracy": 0.8005677785663591,
  "train_roc_auc": 0.8669208224887501,
  "test_roc_auc": 0.8465628148492599,
  "model_params": {
    "n_estimators": 100,
    "learning_rate": 0.05,
    "max_depth": 3,
    "min_samples_split": 10,
    "min_samples_leaf": 1,
    "subsample": 0.8,
    "random_state": 42
  },
  "feature_count": 19,
  "train_size": 5634,
  "test_size": 1409
}