{
  "train_accuracy": 0.8157614483493077,
  "test_accuracy": 0.8005677785663591,
  "train_roc_auc": 0.8669208224887501,
  "test_roc_auc": 0.8465628148492599,
  "model_params": {
    "n_estimators": 100,
    "learning_rate": 0.05,
    "max_depth": 3,
    "min_samples_split": 10,
    "min_samples_leaf": 1,
    "subsample": 0.8,
    "random_state": 42
  },
  "feature_count": 19,
  "train_size": 5634,
  "test_size": 1409,
  "feature_importance": {
    "SeniorCitizen": 0.0074519972802473845,
    "tenure": 0.30547918640631155,
    "MonthlyCharges": 0.0601658677348729,
    "TotalCharges": 0.05954384254117002,
    "gender_Male": 0.0015959250774218922,
    "Partner_Yes": 0.00013758258794532478,
    "Dependents_Yes": 0.0031431031776297134,
    "PhoneService_Yes": 0.00472941145153519,
    "MultipleLines_No phone service": 0.0023968898347859874,
    "MultipleLines_Yes": 0.008284333082317625,
    "InternetService_Fiber optic": 0.19872862442873931,
    "InternetService_No": 0.0018167375979571822,
    "OnlineSecurity_No internet service": 0.006706176579268334,
    "OnlineSecurity_Yes": 0.01612601427613574,
    "OnlineBackup_No internet service": 0.010160469626566557,
    "OnlineBackup_Yes": 0.001491126764981714,
    "DeviceProtection_No internet service": 0.0005827300935483537,
    "DeviceProtection_Yes": 9.084125975621248e-05,
    "TechSupport_No internet service": 0.0006562708450235135,
    "TechSupport_Yes": 0.012852653919960853,
    "StreamingTV_No internet service": 0.009313046685750608,
    "StreamingTV_Yes": 0.00499566217879874,
    "StreamingMovies_No internet service": 0.0015529602168179659,
    "StreamingMovies_Yes": 0.008061505440778282,
    "Contract_One year": 0.051110142128326,
    "Contract_Two year": 0.06639573947237189,
    "PaperlessBilling_Yes": 0.025245047214607602,
    "PaymentMethod_Credit card (automatic)": 0.0007248217648219282,
    "PaymentMethod_Electronic check": 0.13046129033155146,
    "PaymentMethod_Mailed check": 0.0
  }
}