{
  "train_accuracy": 0.8606673766418176,
  "test_accuracy": 0.8090844570617459,
  "train_roc_auc": 0.9373283417948691,
  "test_roc_auc": 0.8410137177400604,
  "model_params": {
    "n_estimators": 100,
    "max_depth": 10,
    "min_samples_split": 5,
    "min_samples_leaf": 2,
    "random_state": 42
  },
  "feature_count": 19,
  "train_size": 5634,
  "test_size": 1409,
  "feature_importance": {
    "SeniorCitizen": 0.010499781212471348,
    "tenure": 0.13703817533531842,
    "MonthlyCharges": 0.08175952917941945,
    "TotalCharges": 0.12938086918002067,
    "gender_Female": 0.010809977117108134,
    "gender_Male": 0.010367683198551076,
    "Partner_No": 0.008123354197638719,
    "Partner_Yes": 0.00855342708395075,
    "Dependents_No": 0.00876873765554947,
    "Dependents_Yes": 0.008300986515041386,
    "PhoneService_No": 0.0027469482231343855,
    "PhoneService_Yes": 0.0030908122961986876,
    "MultipleLines_No": 0.009501981289616894,
    "MultipleLines_No phone service": 0.003089494515122132,
    "MultipleLines_Yes": 0.009783778380992494,
    "InternetService_DSL": 0.01732519065609169,
    "InternetService_Fiber optic": 0.057179134769836694,
    "InternetService_No": 0.003998552921646973,
    "OnlineSecurity_No": 0.054413362159061014,
    "OnlineSecurity_No internet service": 0.00367720459518504,
    "OnlineSecurity_Yes": 0.015420937945990717,
    "OnlineBackup_No": 0.02099818623455917,
    "OnlineBackup_No internet service": 0.002548827144404337,
    "OnlineBackup_Yes": 0.010333646227658654,
    "DeviceProtection_No": 0.014386027079806862,
    "DeviceProtection_No internet service": 0.005171299114561982,
    "DeviceProtection_Yes": 0.007567371268700924,
    "TechSupport_No": 0.0423550301494135,
    "TechSupport_No internet service": 0.007472922779130473,
    "TechSupport_Yes": 0.0145831631530434,
    "StreamingTV_No": 0.007027999054459167,
    "StreamingTV_No internet service": 0.003948385889664174,
    "StreamingTV_Yes": 0.008349800394869713,
    "StreamingMovies_No": 0.008559061299555578,
    "StreamingMovies_No internet service": 0.009021224092569821,
    "StreamingMovies_Yes": 0.008721638888328002,
    "Contract_Month-to-month": 0.09453294989116903,
    "Contract_One year": 0.013889923524226435,
    "Contract_Two year": 0.02805751119190159,
    "PaperlessBilling_No": 0.013638915037877123,
    "PaperlessBilling_Yes": 0.014049512637356647,
    "PaymentMethod_Bank transfer (automatic)": 0.008846622950039277,
    "PaymentMethod_Credit card (automatic)": 0.008841727936219691,
    "PaymentMethod_Electronic check": 0.04701340958663605,
    "PaymentMethod_Mailed check": 0.006254926045902438
  }
}